,X1,Time,Likes,Retweets,Replies,Country,Year,Month,Day,DayYear,Hour,Minute,DayWeekNum,DayWeek,Week
1,0,15/07/2020 17:00,1630,199,44,France,2020,7,15,197,17,0,4,Wed,29
2,1,15/07/2020 11:32,52,0,2,France,2020,7,15,197,11,32,4,Wed,29
3,2,15/07/2020 11:30,1748,203,37,France,2020,7,15,197,11,30,4,Wed,29
4,3,14/07/2020 11:00,899,76,15,France,2020,7,14,196,11,0,3,Tue,28
5,4,10/07/2020 11:31,1304,117,37,France,2020,7,10,192,11,31,6,Fri,28
6,5,09/07/2020 15:46,809,160,40,France,2020,7,9,191,15,46,5,Thu,28
7,6,07/07/2020 18:00,4193,1000,144,France,2020,7,7,189,18,0,3,Tue,27
8,7,03/07/2020 11:36,185,4,11,France,2020,7,3,185,11,36,6,Fri,27
9,8,03/07/2020 11:30,789,46,32,France,2020,7,3,185,11,30,6,Fri,27
10,9,30/06/2020 16:24,185,11,16,France,2020,6,30,182,16,24,3,Tue,26
11,10,30/06/2020 11:30,864,49,25,France,2020,6,30,182,11,30,3,Tue,26
12,11,28/06/2020 10:02,938,83,97,France,2020,6,28,180,10,2,1,Sun,26
13,12,27/06/2020 13:00,976,1775,150,France,2020,6,27,179,13,0,7,Sat,26
14,13,25/06/2020 18:00,566,170,24,France,2020,6,25,177,18,0,5,Thu,26
15,14,24/06/2020 14:10,12721,3146,304,France,2020,6,24,176,14,10,4,Wed,26
16,15,23/06/2020 17:07,392,43,19,France,2020,6,23,175,17,7,3,Tue,25
17,16,23/06/2020 11:52,1190,102,21,France,2020,6,23,175,11,52,3,Tue,25
18,17,19/06/2020 11:30,1193,831,53,France,2020,6,19,171,11,30,6,Fri,25
19,18,17/06/2020 11:30,2656,221,32,France,2020,6,17,169,11,30,4,Wed,25
20,19,15/06/2020 11:56,1398,170,170,France,2020,6,15,167,11,56,2,Mon,24
21,20,11/06/2020 18:00,243,19,15,France,2020,6,11,163,18,0,5,Thu,24
22,21,11/06/2020 18:00,251,8,3,France,2020,6,11,163,18,0,5,Thu,24
23,22,11/06/2020 18:00,1894,258,63,France,2020,6,11,163,18,0,5,Thu,24
24,23,11/06/2020 15:16,634,33,10,France,2020,6,11,163,15,16,5,Thu,24
25,24,10/06/2020 17:19,687,46,9,France,2020,6,10,162,17,19,4,Wed,24
26,25,09/06/2020 16:28,69810,18968,124,France,2020,6,9,161,16,28,3,Tue,23
27,26,09/06/2020 11:02,1527,157,43,France,2020,6,9,161,11,2,3,Tue,23
28,27,05/06/2020 11:01,900,109,22,France,2020,6,5,157,11,1,6,Fri,23
29,28,04/06/2020 11:02,1241,147,32,France,2020,6,4,156,11,2,5,Thu,23
30,29,02/06/2020 18:00,10256,1932,560,France,2020,6,2,154,18,0,3,Tue,22
31,30,29/05/2020 12:54,1919,261,22,France,2020,5,29,150,12,54,6,Fri,22
32,31,28/05/2020 11:16,890,111,24,France,2020,5,28,149,11,16,5,Thu,22
33,32,19/05/2020 17:42,40877,9369,259,France,2020,5,19,140,17,42,3,Tue,20
34,33,11/05/2020 16:00,125,18,7,France,2020,5,11,132,16,0,2,Mon,19
35,34,11/05/2020 16:00,6238,1715,65,France,2020,5,11,132,16,0,2,Mon,19
36,35,06/05/2020 17:33,64,4,3,France,2020,5,6,127,17,33,4,Wed,19
37,36,06/05/2020 17:32,62,11,6,France,2020,5,6,127,17,32,4,Wed,19
38,37,06/05/2020 17:30,814,164,35,France,2020,5,6,127,17,30,4,Wed,19
39,38,27/04/2020 11:30,818,61,405,France,2020,4,27,118,11,30,2,Mon,17
40,39,23/04/2020 11:24,75662,12294,449,France,2020,4,23,114,11,24,5,Thu,17
41,40,15/04/2020 10:32,29,4,3,France,2020,4,15,106,10,32,4,Wed,16
42,41,15/04/2020 10:32,333,45,12,France,2020,4,15,106,10,32,4,Wed,16
43,42,11/04/2020 10:30,44,2,8,France,2020,4,11,102,10,30,7,Sat,15
44,43,11/04/2020 10:30,966,242,39,France,2020,4,11,102,10,30,7,Sat,15
45,44,07/04/2020 18:30,5608,1482,65,France,2020,4,7,98,18,30,3,Tue,14
46,45,05/04/2020 11:03,655,61,15,France,2020,4,5,96,11,3,1,Sun,14
47,46,03/04/2020 18:03,18,0,1,France,2020,4,3,94,18,3,6,Fri,14
48,47,03/04/2020 18:02,408,76,24,France,2020,4,3,94,18,2,6,Fri,14
49,48,03/04/2020 11:02,659,84,10,France,2020,4,3,94,11,2,6,Fri,14
50,49,02/04/2020 11:04,25,0,1,France,2020,4,2,93,11,4,5,Thu,14
51,50,02/04/2020 11:03,1041,249,42,France,2020,4,2,93,11,3,5,Thu,14
52,51,01/04/2020 10:58,1633,337,36,France,2020,4,1,92,10,58,4,Wed,14
53,52,31/03/2020 18:00,31,4,2,France,2020,3,31,91,18,0,3,Tue,13
54,53,31/03/2020 17:56,1439,458,62,France,2020,3,31,91,17,56,3,Tue,13
55,54,30/03/2020 11:10,17344,3738,253,France,2020,3,30,90,11,10,2,Mon,13
56,55,27/03/2020 17:07,87018,25911,761,France,2020,3,27,87,17,7,6,Fri,13
57,56,18/03/2020 18:55,1486,51,18,France,2020,3,18,78,18,55,4,Wed,12
58,57,16/03/2020 16:59,1758,409,69,France,2020,3,16,76,16,59,2,Mon,11
59,58,14/03/2020 10:36,106,15,17,France,2020,3,14,74,10,36,7,Sat,11
60,59,14/03/2020 10:36,104,18,7,France,2020,3,14,74,10,36,7,Sat,11
61,60,14/03/2020 10:36,65,10,1,France,2020,3,14,74,10,36,7,Sat,11
62,61,14/03/2020 10:36,239,49,16,France,2020,3,14,74,10,36,7,Sat,11
63,62,13/03/2020 18:51,339,34,8,France,2020,3,13,73,18,51,6,Fri,11
64,63,13/03/2020 16:08,162,27,15,France,2020,3,13,73,16,8,6,Fri,11
65,64,13/03/2020 15:04,1772,416,67,France,2020,3,13,73,15,4,6,Fri,11
66,65,12/03/2020 10:00,1804,261,62,France,2020,3,12,72,10,0,5,Thu,11
67,66,10/03/2020 14:21,558,43,7,France,2020,3,10,70,14,21,3,Tue,10
68,67,09/03/2020 10:00,280,56,39,France,2020,3,9,69,10,0,2,Mon,10
69,68,05/03/2020 20:52,347,41,8,France,2020,3,5,65,20,52,5,Thu,10
70,69,05/03/2020 20:52,44,2,1,France,2020,3,5,65,20,52,5,Thu,10
71,70,05/03/2020 20:52,22,0,1,France,2020,3,5,65,20,52,5,Thu,10
72,71,05/03/2020 20:52,30,6,1,France,2020,3,5,65,20,52,5,Thu,10
73,72,05/03/2020 20:52,14,3,1,France,2020,3,5,65,20,52,5,Thu,10
74,73,05/03/2020 20:52,20,2,1,France,2020,3,5,65,20,52,5,Thu,10
75,74,05/03/2020 20:52,13,0,1,France,2020,3,5,65,20,52,5,Thu,10
76,75,05/03/2020 20:52,16,0,1,France,2020,3,5,65,20,52,5,Thu,10
77,76,05/03/2020 20:52,14,0,1,France,2020,3,5,65,20,52,5,Thu,10
78,77,05/03/2020 20:52,23,0,1,France,2020,3,5,65,20,52,5,Thu,10
79,78,05/03/2020 20:52,27,0,1,France,2020,3,5,65,20,52,5,Thu,10
80,79,05/03/2020 20:52,22,0,2,France,2020,3,5,65,20,52,5,Thu,10
81,80,05/03/2020 20:52,326,50,30,France,2020,3,5,65,20,52,5,Thu,10
82,81,03/03/2020 11:00,313,35,12,France,2020,3,3,63,11,0,3,Tue,9
83,82,28/02/2020 18:14,21,10,1,France,2020,2,28,59,18,14,6,Fri,9
84,83,28/02/2020 18:14,33,14,11,France,2020,2,28,59,18,14,6,Fri,9
85,84,28/02/2020 18:14,238,35,15,France,2020,2,28,59,18,14,6,Fri,9
86,85,27/02/2020 11:00,113,9,5,France,2020,2,27,58,11,0,5,Thu,9
87,86,26/02/2020 12:45,1649,236,46,France,2020,2,26,57,12,45,4,Wed,9
88,87,25/02/2020 18:00,846,50,6,France,2020,2,25,56,18,0,3,Tue,8
89,88,24/02/2020 15:46,1594,266,36,France,2020,2,24,55,15,46,2,Mon,8
90,89,21/02/2020 10:01,104,16,15,France,2020,2,21,52,10,1,6,Fri,8
91,90,21/02/2020 10:00,36,13,7,France,2020,2,21,52,10,0,6,Fri,8
92,91,21/02/2020 10:00,27,14,13,France,2020,2,21,52,10,0,6,Fri,8
93,92,21/02/2020 10:00,468,400,77,France,2020,2,21,52,10,0,6,Fri,8
94,93,20/02/2020 11:00,830,138,48,France,2020,2,20,51,11,0,5,Thu,8
95,94,18/02/2020 18:14,2184,660,200,France,2020,2,18,49,18,14,3,Tue,7
96,95,17/02/2020 11:00,1168,138,395,France,2020,2,17,48,11,0,2,Mon,7
97,96,14/02/2020 10:00,1098,133,8,France,2020,2,14,45,10,0,6,Fri,7
98,97,11/02/2020 10:00,507,59,25,France,2020,2,11,42,10,0,3,Tue,6
99,98,10/02/2020 10:00,816,58,61,France,2020,2,10,41,10,0,2,Mon,6
100,99,06/02/2020 11:37,2174,190,76,France,2020,2,6,37,11,37,5,Thu,6
101,100,03/02/2020 15:47,316,23,8,France,2020,2,3,34,15,47,2,Mon,5
102,101,31/01/2020 10:00,1233,122,43,France,2020,1,31,31,10,0,6,Fri,5
103,102,30/01/2020 18:00,1045,100,38,France,2020,1,30,30,18,0,5,Thu,5
104,103,28/01/2020 13:17,6040,941,48,France,2020,1,28,28,13,17,3,Tue,4
105,104,27/01/2020 12:56,473,93,21,France,2020,1,27,27,12,56,2,Mon,4
106,105,23/01/2020 15:44,130,0,4,France,2020,1,23,23,15,44,5,Thu,4
107,106,21/01/2020 10:00,16323,3353,468,France,2020,1,21,21,10,0,3,Tue,3
108,107,20/01/2020 15:41,855,116,8,France,2020,1,20,20,15,41,2,Mon,3
109,108,14/01/2020 18:00,2307,487,32,France,2020,1,14,14,18,0,3,Tue,2
110,109,08/01/2020 17:04,221,32,3,France,2020,1,8,8,17,4,4,Wed,2
111,110,08/01/2020 17:00,320,52,28,France,2020,1,8,8,17,0,4,Wed,2
112,111,07/01/2020 10:00,1493,139,62,France,2020,1,7,7,10,0,3,Tue,1
113,112,03/01/2020 12:03,372,51,12,France,2020,1,3,3,12,3,6,Fri,1
114,113,01/01/2020 10:30,6143,1405,90,France,2020,1,1,1,10,30,4,Wed,1
115,114,25/12/2019 11:00,203,18,23,France,2019,12,25,359,11,0,4,Wed,52
116,115,17/12/2019 11:00,454,47,12,France,2019,12,17,351,11,0,3,Tue,51
117,116,12/12/2019 18:34,125,18,4,France,2019,12,12,346,18,34,5,Thu,50
118,117,11/12/2019 18:00,888,107,651,France,2019,12,11,345,18,0,4,Wed,50
119,118,08/12/2019 19:24,7193,1438,59,France,2019,12,8,342,19,24,1,Sun,49
120,119,06/12/2019 17:03,1921,326,33,France,2019,12,6,340,17,3,6,Fri,49
121,120,06/12/2019 10:00,136,17,9,France,2019,12,6,340,10,0,6,Fri,49
122,121,03/12/2019 11:21,420,45,18,France,2019,12,3,337,11,21,3,Tue,49
123,122,29/11/2019 11:04,588,69,22,France,2019,11,29,333,11,4,6,Fri,48
124,123,26/11/2019 17:55,172,20,24,France,2019,11,26,330,17,55,3,Tue,48
125,124,22/11/2019 18:00,1650,195,66,France,2019,11,22,326,18,0,6,Fri,47
126,125,18/11/2019 18:00,3329,678,151,France,2019,11,18,322,18,0,2,Mon,46
127,126,12/11/2019 11:33,997,204,62,France,2019,11,12,316,11,33,3,Tue,46
128,127,09/11/2019 10:02,90,29,13,France,2019,11,9,313,10,2,7,Sat,45
129,128,08/11/2019 18:00,3395,602,45,France,2019,11,8,312,18,0,6,Fri,45
130,129,05/11/2019 11:46,1937,1131,108,France,2019,11,5,309,11,46,3,Tue,45
131,130,31/10/2019 09:30,91632,31966,1120,France,2019,10,31,304,9,30,5,Thu,44
132,131,28/10/2019 18:00,937,125,11,France,2019,10,28,301,18,0,2,Mon,43
133,132,25/10/2019 16:35,17,0,1,France,2019,10,25,298,16,35,6,Fri,43
134,133,25/10/2019 15:59,100,16,10,France,2019,10,25,298,15,59,6,Fri,43
135,134,25/10/2019 14:16,4,1,0,France,2019,10,25,298,14,16,6,Fri,43
136,135,25/10/2019 14:06,202,31,6,France,2019,10,25,298,14,6,6,Fri,43
137,136,25/10/2019 12:46,7,0,1,France,2019,10,25,298,12,46,6,Fri,43
138,137,25/10/2019 10:59,82,10,4,France,2019,10,25,298,10,59,6,Fri,43
139,138,24/10/2019 20:31,3,0,0,France,2019,10,24,297,20,31,5,Thu,43
140,139,24/10/2019 20:30,94,10,2,France,2019,10,24,297,20,30,5,Thu,43
141,140,24/10/2019 11:30,41,6,6,France,2019,10,24,297,11,30,5,Thu,43
142,141,22/10/2019 11:30,678,69,34,France,2019,10,22,295,11,30,3,Tue,43
143,142,18/10/2019 18:00,452,70,23,France,2019,10,18,291,18,0,6,Fri,42
144,143,18/10/2019 11:30,37,3,7,France,2019,10,18,291,11,30,6,Fri,42
145,144,17/10/2019 18:08,4,1,0,France,2019,10,17,290,18,8,5,Thu,42
146,145,17/10/2019 18:00,102,19,9,France,2019,10,17,290,18,0,5,Thu,42
147,146,10/10/2019 11:30,950,104,41,France,2019,10,10,283,11,30,5,Thu,41
148,147,09/10/2019 11:23,29,6,3,France,2019,10,9,282,11,23,4,Wed,41
149,148,08/10/2019 11:30,388,70,28,France,2019,10,8,281,11,30,3,Tue,41
150,149,03/10/2019 18:00,432,68,14,France,2019,10,3,276,18,0,5,Thu,40
151,150,30/09/2019 18:00,697,158,54,France,2019,9,30,273,18,0,2,Mon,39
152,151,27/09/2019 18:00,270,32,4,France,2019,9,27,270,18,0,6,Fri,39
153,152,26/09/2019 12:37,22,5,3,France,2019,9,26,269,12,37,5,Thu,39
154,153,25/09/2019 15:05,21,5,5,France,2019,9,25,268,15,5,4,Wed,39
155,154,23/09/2019 18:00,402,82,25,France,2019,9,23,266,18,0,2,Mon,38
156,155,21/09/2019 13:35,34,3,4,France,2019,9,21,264,13,35,7,Sat,38
157,156,20/09/2019 18:30,454,85,34,France,2019,9,20,263,18,30,6,Fri,38
158,157,20/09/2019 11:59,16,3,0,France,2019,9,20,263,11,59,6,Fri,38
159,158,19/09/2019 18:28,58,7,1,France,2019,9,19,262,18,28,5,Thu,38
160,159,18/09/2019 18:00,152,6,9,France,2019,9,18,261,18,0,4,Wed,38
161,160,18/09/2019 17:00,15,6,4,France,2019,9,18,261,17,0,4,Wed,38
162,161,17/09/2019 14:31,3,0,1,France,2019,9,17,260,14,31,3,Tue,38
163,162,17/09/2019 14:30,5,1,1,France,2019,9,17,260,14,30,3,Tue,38
164,163,17/09/2019 14:29,5,0,1,France,2019,9,17,260,14,29,3,Tue,38
165,164,17/09/2019 14:28,5,0,1,France,2019,9,17,260,14,28,3,Tue,38
166,165,17/09/2019 14:28,1,0,1,France,2019,9,17,260,14,28,3,Tue,38
167,166,17/09/2019 14:22,0,0,1,France,2019,9,17,260,14,22,3,Tue,38
168,167,17/09/2019 14:21,13,4,1,France,2019,9,17,260,14,21,3,Tue,38
169,168,17/09/2019 14:20,5,1,1,France,2019,9,17,260,14,20,3,Tue,38
170,169,16/09/2019 18:06,9,2,0,France,2019,9,16,259,18,6,2,Mon,37
171,170,16/09/2019 18:00,139,19,10,France,2019,9,16,259,18,0,2,Mon,37
172,171,13/09/2019 18:00,566,42,4,France,2019,9,13,256,18,0,6,Fri,37
173,172,13/09/2019 11:29,308,50,12,France,2019,9,13,256,11,29,6,Fri,37
174,173,12/09/2019 11:00,25,1,4,France,2019,9,12,255,11,0,5,Thu,37
175,174,11/09/2019 19:57,121,11,3,France,2019,9,11,254,19,57,4,Wed,37
176,175,11/09/2019 14:02,9,0,1,France,2019,9,11,254,14,2,4,Wed,37
177,176,11/09/2019 14:01,340,33,41,France,2019,9,11,254,14,1,4,Wed,37
178,177,09/09/2019 18:02,17,8,1,France,2019,9,9,252,18,2,2,Mon,36
179,178,09/09/2019 18:00,1031,239,67,France,2019,9,9,252,18,0,2,Mon,36
180,179,06/09/2019 18:00,315,42,17,France,2019,9,6,249,18,0,6,Fri,36
181,180,03/09/2019 18:17,79,2,3,France,2019,9,3,246,18,17,3,Tue,36
182,181,02/09/2019 18:02,31,1,2,France,2019,9,2,245,18,2,2,Mon,35
183,182,02/09/2019 18:00,1130,361,82,France,2019,9,2,245,18,0,2,Mon,35
184,183,30/08/2019 16:41,31,7,8,France,2019,8,30,242,16,41,6,Fri,35
185,184,29/08/2019 11:34,12,1,1,France,2019,8,29,241,11,34,5,Thu,35
186,185,29/08/2019 11:34,277,59,16,France,2019,8,29,241,11,34,5,Thu,35
187,186,23/08/2019 18:00,688,97,35,France,2019,8,23,235,18,0,6,Fri,34
188,187,21/08/2019 11:34,305,29,25,France,2019,8,21,233,11,34,4,Wed,34
189,188,20/08/2019 18:00,1598,232,33,France,2019,8,20,232,18,0,3,Tue,34
190,189,16/08/2019 18:00,3431,13055,188,France,2019,8,16,228,18,0,6,Fri,33
191,190,12/08/2019 17:35,329,49,24,France,2019,8,12,224,17,35,2,Mon,32
192,191,09/08/2019 18:00,592,63,12,France,2019,8,9,221,18,0,6,Fri,32
193,192,06/08/2019 18:08,3460,638,117,France,2019,8,6,218,18,8,3,Tue,32
194,193,02/08/2019 13:54,32,1,6,France,2019,8,2,214,13,54,6,Fri,31
195,194,30/07/2019 18:00,1076,132,21,France,2019,7,30,211,18,0,3,Tue,31
196,195,26/07/2019 18:00,362,53,38,France,2019,7,26,207,18,0,6,Fri,30
197,196,25/07/2019 10:30,83,13,13,France,2019,7,25,206,10,30,5,Thu,30
198,197,24/07/2019 10:30,31,0,3,France,2019,7,24,205,10,30,4,Wed,30
199,198,24/07/2019 00:00,30,4,6,France,2019,7,24,205,0,0,4,Wed,30
200,199,23/07/2019 18:00,657,81,25,France,2019,7,23,204,18,0,3,Tue,30
201,200,18/07/2019 18:00,592,113,25,France,2019,7,18,199,18,0,5,Thu,29
202,201,18/07/2019 11:00,23,3,4,France,2019,7,18,199,11,0,5,Thu,29
203,202,18/07/2019 00:00,59,5,5,France,2019,7,18,199,0,0,5,Thu,29
204,203,15/07/2019 18:00,391,48,16,France,2019,7,15,196,18,0,2,Mon,28
205,204,11/07/2019 15:15,140,19,4,France,2019,7,11,192,15,15,5,Thu,28
206,205,10/07/2019 18:00,595,112,467,France,2019,7,10,191,18,0,4,Wed,28
207,206,10/07/2019 17:25,22,3,5,France,2019,7,10,191,17,25,4,Wed,28
208,207,05/07/2019 18:00,594,72,25,France,2019,7,5,186,18,0,6,Fri,27
209,208,03/07/2019 11:00,34,4,10,France,2019,7,3,184,11,0,4,Wed,27
210,209,01/07/2019 19:10,28,0,9,France,2019,7,1,182,19,10,2,Mon,26
211,210,01/07/2019 19:10,1093,315,53,France,2019,7,1,182,19,10,2,Mon,26
212,211,28/06/2019 18:00,295,21,231,France,2019,6,28,179,18,0,6,Fri,26
213,212,26/06/2019 18:33,398,57,18,France,2019,6,26,177,18,33,4,Wed,26
214,213,25/06/2019 18:32,14,3,1,France,2019,6,25,176,18,32,3,Tue,26
215,214,25/06/2019 18:00,687,106,43,France,2019,6,25,176,18,0,3,Tue,26
216,215,25/06/2019 14:50,226,31,13,France,2019,6,25,176,14,50,3,Tue,26
217,216,24/06/2019 15:33,66,11,4,France,2019,6,24,175,15,33,2,Mon,25
218,217,24/06/2019 11:54,61,12,12,France,2019,6,24,175,11,54,2,Mon,25
219,218,24/06/2019 10:45,30,0,2,France,2019,6,24,175,10,45,2,Mon,25
220,219,21/06/2019 18:34,12,0,1,France,2019,6,21,172,18,34,6,Fri,25
221,220,21/06/2019 18:00,719,171,43,France,2019,6,21,172,18,0,6,Fri,25
222,221,20/06/2019 18:30,24,3,8,France,2019,6,20,171,18,30,5,Thu,25
223,222,20/06/2019 18:00,247,99,33,France,2019,6,20,171,18,0,5,Thu,25
224,223,17/06/2019 18:00,468,92,18,France,2019,6,17,168,18,0,2,Mon,24
225,224,14/06/2019 18:00,55,19,6,France,2019,6,14,165,18,0,6,Fri,24
226,225,14/06/2019 18:00,502,1716,27,France,2019,6,14,165,18,0,6,Fri,24
227,226,10/06/2019 18:00,631,79,22,France,2019,6,10,161,18,0,2,Mon,23
228,227,04/06/2019 17:46,1354,469,99,France,2019,6,4,155,17,46,3,Tue,23
229,228,04/06/2019 17:42,23,4,3,France,2019,6,4,155,17,42,3,Tue,23
230,229,31/05/2019 18:04,98,8,7,France,2019,5,31,151,18,4,6,Fri,22
231,230,31/05/2019 18:00,1157,237,217,France,2019,5,31,151,18,0,6,Fri,22
232,231,27/05/2019 18:00,452,62,18,France,2019,5,27,147,18,0,2,Mon,21
233,232,27/05/2019 10:36,17,0,2,France,2019,5,27,147,10,36,2,Mon,21
234,233,24/05/2019 20:04,30,0,5,France,2019,5,24,144,20,4,6,Fri,21
235,234,24/05/2019 20:04,25,0,5,France,2019,5,24,144,20,4,6,Fri,21
236,235,24/05/2019 20:01,680,159,25,France,2019,5,24,144,20,1,6,Fri,21
237,236,24/05/2019 18:00,112,14,17,France,2019,5,24,144,18,0,6,Fri,21
238,237,22/05/2019 12:00,429,2253,71,France,2019,5,22,142,12,0,4,Wed,21
239,238,20/05/2019 18:02,705,407,41,France,2019,5,20,140,18,2,2,Mon,20
240,239,18/05/2019 10:00,210,28,8,France,2019,5,18,138,10,0,7,Sat,20
241,240,15/05/2019 18:58,26,2,5,France,2019,5,15,135,18,58,4,Wed,20
242,241,13/05/2019 22:00,62,7,3,France,2019,5,13,133,22,0,2,Mon,19
243,242,13/05/2019 18:03,101,9,6,France,2019,5,13,133,18,3,2,Mon,19
244,243,13/05/2019 18:01,56,6,1,France,2019,5,13,133,18,1,2,Mon,19
245,244,13/05/2019 16:30,53,5,2,France,2019,5,13,133,16,30,2,Mon,19
246,245,13/05/2019 15:58,61,5,2,France,2019,5,13,133,15,58,2,Mon,19
247,246,13/05/2019 13:59,77,10,1,France,2019,5,13,133,13,59,2,Mon,19
248,247,13/05/2019 11:46,147,18,3,France,2019,5,13,133,11,46,2,Mon,19
249,248,13/05/2019 11:44,880,113,38,France,2019,5,13,133,11,44,2,Mon,19
250,249,10/05/2019 18:00,841,126,19,France,2019,5,10,130,18,0,6,Fri,19
251,250,07/05/2019 18:03,3354,369,96,France,2019,5,7,127,18,3,3,Tue,19
252,251,03/05/2019 17:41,20,4,8,France,2019,5,3,123,17,41,6,Fri,18
253,252,29/04/2019 18:00,291,52,18,France,2019,4,29,119,18,0,2,Mon,17
254,253,24/04/2019 10:25,40,3,5,France,2019,4,24,114,10,25,4,Wed,17
255,254,23/04/2019 18:00,367,51,19,France,2019,4,23,113,18,0,3,Tue,17
256,255,19/04/2019 19:40,22,3,7,France,2019,4,19,109,19,40,6,Fri,16
257,256,18/04/2019 18:00,1510,677,37,France,2019,4,18,108,18,0,5,Thu,16
258,257,16/04/2019 18:31,40,6,12,France,2019,4,16,106,18,31,3,Tue,16
259,258,09/04/2019 18:00,1122,167,57,France,2019,4,9,99,18,0,3,Tue,15
260,259,09/04/2019 17:59,20,4,4,France,2019,4,9,99,17,59,3,Tue,15
261,260,08/04/2019 16:30,30,11,13,France,2019,4,8,98,16,30,2,Mon,14
262,261,05/04/2019 13:13,33,10,5,France,2019,4,5,95,13,13,6,Fri,14
263,262,28/03/2019 18:00,441,130,21,France,2019,3,28,87,18,0,5,Thu,13
264,263,26/03/2019 16:22,25,3,6,France,2019,3,26,85,16,22,3,Tue,13
265,264,25/03/2019 17:54,446,86,10,France,2019,3,25,84,17,54,2,Mon,12
266,265,21/03/2019 19:20,20,2,3,France,2019,3,21,80,19,20,5,Thu,12
267,266,21/03/2019 18:00,1821,314,62,France,2019,3,21,80,18,0,5,Thu,12
268,267,20/03/2019 20:19,18,3,6,France,2019,3,20,79,20,19,4,Wed,12
269,268,18/03/2019 18:00,260,80,6,France,2019,3,18,77,18,0,2,Mon,11
270,269,14/03/2019 18:00,630,123,14,France,2019,3,14,73,18,0,5,Thu,11
271,270,11/03/2019 18:00,190,110,12,France,2019,3,11,70,18,0,2,Mon,10
272,271,05/03/2019 18:00,38,8,3,France,2019,3,5,64,18,0,3,Tue,10
273,272,05/03/2019 18:00,1690,414,160,France,2019,3,5,64,18,0,3,Tue,10
274,273,01/03/2019 13:13,116,30,14,France,2019,3,1,60,13,13,6,Fri,9
275,274,28/02/2019 18:05,856,5058,165,France,2019,2,28,59,18,5,5,Thu,9
276,275,26/02/2019 12:17,37,12,5,France,2019,2,26,57,12,17,3,Tue,9
277,276,25/02/2019 18:00,584,101,24,France,2019,2,25,56,18,0,2,Mon,8
278,277,21/02/2019 17:55,47,6,27,France,2019,2,21,52,17,55,5,Thu,8
279,278,21/02/2019 14:24,16,3,0,France,2019,2,21,52,14,24,5,Thu,8
280,279,18/02/2019 18:00,557,101,15,France,2019,2,18,49,18,0,2,Mon,7
281,280,14/02/2019 14:29,16,2,2,France,2019,2,14,45,14,29,5,Thu,7
282,281,14/02/2019 10:18,39,3,2,France,2019,2,14,45,10,18,5,Thu,7
283,282,13/02/2019 20:12,23,4,2,France,2019,2,13,44,20,12,4,Wed,7
284,283,13/02/2019 18:00,327,72,13,France,2019,2,13,44,18,0,4,Wed,7
285,284,07/02/2019 17:57,229,39,123,France,2019,2,7,38,17,57,5,Thu,6
286,285,04/02/2019 18:00,2225,507,28,France,2019,2,4,35,18,0,2,Mon,5
287,286,28/01/2019 18:10,43,2,1,France,2019,1,28,28,18,10,2,Mon,4
288,287,28/01/2019 18:08,24,1,2,France,2019,1,28,28,18,8,2,Mon,4
289,288,28/01/2019 18:00,1366,165,41,France,2019,1,28,28,18,0,2,Mon,4
290,289,25/01/2019 18:00,98,17,4,France,2019,1,25,25,18,0,6,Fri,4
291,290,23/01/2019 18:00,21,7,6,France,2019,1,23,23,18,0,4,Wed,4
292,291,23/01/2019 15:50,29,13,14,France,2019,1,23,23,15,50,4,Wed,4
293,292,22/01/2019 18:00,530,129,15,France,2019,1,22,22,18,0,3,Tue,4
294,293,16/01/2019 18:00,347,69,15,France,2019,1,16,16,18,0,4,Wed,3
295,294,08/01/2019 18:51,117,14,7,France,2019,1,8,8,18,51,3,Tue,2
296,295,08/01/2019 18:00,1193,232,64,France,2019,1,8,8,18,0,3,Tue,2
297,296,04/01/2019 18:00,562,69,27,France,2019,1,4,4,18,0,6,Fri,1
298,297,02/01/2019 18:30,162,97,9,France,2019,1,2,2,18,30,4,Wed,1
299,298,28/12/2018 18:00,185,209,12,France,2018,12,28,362,18,0,6,Fri,52
300,299,28/12/2018 13:30,39,15,6,France,2018,12,28,362,13,30,6,Fri,52
301,300,27/12/2018 13:30,13,2,1,France,2018,12,27,361,13,30,5,Thu,52
302,301,26/12/2018 14:00,18,2,3,France,2018,12,26,360,14,0,4,Wed,52
303,302,25/12/2018 11:00,864,276,32,France,2018,12,25,359,11,0,3,Tue,52
304,303,22/12/2018 14:00,15,2,2,France,2018,12,22,356,14,0,7,Sat,51
305,304,21/12/2018 18:00,387,67,28,France,2018,12,21,355,18,0,6,Fri,51
306,305,21/12/2018 17:01,12,1,4,France,2018,12,21,355,17,1,6,Fri,51
307,306,20/12/2018 11:48,14,5,4,France,2018,12,20,354,11,48,5,Thu,51
308,307,19/12/2018 19:00,17,3,9,France,2018,12,19,353,19,0,4,Wed,51
309,308,19/12/2018 17:00,31,4,8,France,2018,12,19,353,17,0,4,Wed,51
310,309,19/12/2018 15:00,16,3,2,France,2018,12,19,353,15,0,4,Wed,51
311,310,19/12/2018 11:36,32,3,4,France,2018,12,19,353,11,36,4,Wed,51
312,311,18/12/2018 12:05,27,9,5,France,2018,12,18,352,12,5,3,Tue,51
313,312,17/12/2018 18:04,260,87,7,France,2018,12,17,351,18,4,2,Mon,51
314,313,17/12/2018 18:00,769,304,16,France,2018,12,17,351,18,0,2,Mon,51
315,314,17/12/2018 16:00,16,2,7,France,2018,12,17,351,16,0,2,Mon,51
316,315,17/12/2018 11:53,17,1,3,France,2018,12,17,351,11,53,2,Mon,51
317,316,13/12/2018 12:12,46,1,11,France,2018,12,13,347,12,12,5,Thu,50
318,317,11/12/2018 10:00,436,162,28,France,2018,12,11,345,10,0,3,Tue,50
319,318,07/12/2018 18:01,39,0,4,France,2018,12,7,341,18,1,6,Fri,49
320,319,07/12/2018 18:00,118,19,17,France,2018,12,7,341,18,0,6,Fri,49
321,320,07/12/2018 14:05,13,1,6,France,2018,12,7,341,14,5,6,Fri,49
322,321,06/12/2018 15:01,41,24,5,France,2018,12,6,340,15,1,5,Thu,49
323,322,05/12/2018 20:00,26,4,5,France,2018,12,5,339,20,0,4,Wed,49
324,323,05/12/2018 17:18,27,6,5,France,2018,12,5,339,17,18,4,Wed,49
325,324,04/12/2018 18:00,222,44,22,France,2018,12,4,338,18,0,3,Tue,49
326,325,30/11/2018 18:01,14,1,9,France,2018,11,30,334,18,1,6,Fri,48
327,326,28/11/2018 15:00,18,1,11,France,2018,11,28,332,15,0,4,Wed,48
328,327,28/11/2018 11:54,31,4,5,France,2018,11,28,332,11,54,4,Wed,48
329,328,26/11/2018 18:00,345,65,12,France,2018,11,26,330,18,0,2,Mon,48
330,329,22/11/2018 18:00,1548,788,62,France,2018,11,22,326,18,0,5,Thu,47
331,330,22/11/2018 17:15,7,1,1,France,2018,11,22,326,17,15,5,Thu,47
332,331,22/11/2018 14:30,35,3,7,France,2018,11,22,326,14,30,5,Thu,47
333,332,22/11/2018 12:00,13,1,2,France,2018,11,22,326,12,0,5,Thu,47
334,333,21/11/2018 18:33,16,1,6,France,2018,11,21,325,18,33,4,Wed,47
335,334,21/11/2018 17:39,25,2,2,France,2018,11,21,325,17,39,4,Wed,47
336,335,20/11/2018 15:03,19,2,2,France,2018,11,20,324,15,3,3,Tue,47
337,336,13/11/2018 18:00,1008,265,58,France,2018,11,13,317,18,0,3,Tue,46
338,337,02/11/2018 18:43,2609,864,224,France,2018,11,2,306,18,43,6,Fri,44
339,338,31/10/2018 14:15,15,2,10,France,2018,10,31,304,14,15,4,Wed,44
340,339,29/10/2018 19:28,208,35,10,France,2018,10,29,302,19,28,2,Mon,44
341,340,29/10/2018 17:10,13,1,2,France,2018,10,29,302,17,10,2,Mon,44
342,341,29/10/2018 15:54,33,7,8,France,2018,10,29,302,15,54,2,Mon,44
343,342,24/10/2018 18:13,41,2,5,France,2018,10,24,297,18,13,4,Wed,43
344,343,24/10/2018 18:00,1180,287,55,France,2018,10,24,297,18,0,4,Wed,43
345,344,22/10/2018 18:17,36,4,16,France,2018,10,22,295,18,17,2,Mon,43
346,345,10/10/2018 15:30,19,3,8,France,2018,10,10,283,15,30,4,Wed,41
347,346,08/10/2018 18:00,177,25,6,France,2018,10,8,281,18,0,2,Mon,41
348,347,06/10/2018 18:00,22,6,10,France,2018,10,6,279,18,0,7,Sat,40
349,348,05/10/2018 18:00,494,209,23,France,2018,10,5,278,18,0,6,Fri,40
350,349,05/10/2018 11:19,37,7,4,France,2018,10,5,278,11,19,6,Fri,40
351,350,01/10/2018 18:00,260,47,4,France,2018,10,1,274,18,0,2,Mon,40
352,351,28/09/2018 18:00,222,23,17,France,2018,9,28,271,18,0,6,Fri,39
353,352,25/09/2018 18:00,22,7,8,France,2018,9,25,268,18,0,3,Tue,39
354,353,19/09/2018 18:01,76,13,3,France,2018,9,19,262,18,1,4,Wed,38
355,354,19/09/2018 11:39,14,4,8,France,2018,9,19,262,11,39,4,Wed,38
356,355,19/09/2018 11:00,3,0,0,France,2018,9,19,262,11,0,4,Wed,38
357,356,17/09/2018 18:00,816,296,17,France,2018,9,17,260,18,0,2,Mon,38
358,357,13/09/2018 15:27,30,4,6,France,2018,9,13,256,15,27,5,Thu,37
359,358,06/09/2018 18:00,10,4,0,France,2018,9,6,249,18,0,5,Thu,36
360,359,05/09/2018 10:24,15,1,4,France,2018,9,5,248,10,24,4,Wed,36
361,360,04/09/2018 18:00,206,49,29,France,2018,9,4,247,18,0,3,Tue,36
362,361,03/09/2018 18:23,47,3,9,France,2018,9,3,246,18,23,2,Mon,36
363,362,03/09/2018 13:50,13,4,1,France,2018,9,3,246,13,50,2,Mon,36
364,363,03/09/2018 10:39,116,59,61,France,2018,9,3,246,10,39,2,Mon,36
365,364,28/08/2018 18:05,14,0,3,France,2018,8,28,240,18,5,3,Tue,35
366,365,28/08/2018 18:00,624,124,32,France,2018,8,28,240,18,0,3,Tue,35
367,366,27/08/2018 18:00,659,139,15,France,2018,8,27,239,18,0,2,Mon,35
368,367,24/08/2018 18:00,828,241,61,France,2018,8,24,236,18,0,6,Fri,34
369,368,24/08/2018 16:41,31,6,6,France,2018,8,24,236,16,41,6,Fri,34
370,369,23/08/2018 14:30,24,7,7,France,2018,8,23,235,14,30,5,Thu,34
371,370,23/08/2018 11:17,23,8,11,France,2018,8,23,235,11,17,5,Thu,34
372,371,20/08/2018 18:00,206,40,21,France,2018,8,20,232,18,0,2,Mon,34
373,372,17/08/2018 18:00,382,54,38,France,2018,8,17,229,18,0,6,Fri,33
374,373,14/08/2018 18:00,901,333,56,France,2018,8,14,226,18,0,3,Tue,33
375,374,09/08/2018 17:59,61,6,19,France,2018,8,9,221,17,59,5,Thu,32
376,375,08/08/2018 18:00,301,72,21,France,2018,8,8,220,18,0,4,Wed,32
377,376,03/08/2018 12:10,9,3,8,France,2018,8,3,215,12,10,6,Fri,31
378,377,02/08/2018 18:00,21,5,5,France,2018,8,2,214,18,0,5,Thu,31
379,378,02/08/2018 15:44,16,2,5,France,2018,8,2,214,15,44,5,Thu,31
380,379,01/08/2018 16:11,16,2,3,France,2018,8,1,213,16,11,4,Wed,31
381,380,01/08/2018 11:33,8,3,7,France,2018,8,1,213,11,33,4,Wed,31
382,381,27/07/2018 16:52,18,4,2,France,2018,7,27,208,16,52,6,Fri,30
383,382,27/07/2018 18:00,236,48,11,France,2018,7,27,208,18,0,6,Fri,30
384,383,24/07/2018 18:00,80,10,3,France,2018,7,24,205,18,0,3,Tue,30
385,384,24/07/2018 18:00,193,32,11,France,2018,7,24,205,18,0,3,Tue,30
386,385,24/07/2018 14:30,25,3,7,France,2018,7,24,205,14,30,3,Tue,30
387,386,24/07/2018 11:19,36,6,11,France,2018,7,24,205,11,19,3,Tue,30
388,387,20/07/2018 18:00,188,32,15,France,2018,7,20,201,18,0,6,Fri,29
389,388,20/07/2018 17:48,12,3,1,France,2018,7,20,201,17,48,6,Fri,29
390,389,20/07/2018 15:33,5,0,4,France,2018,7,20,201,15,33,6,Fri,29
391,390,19/07/2018 11:11,21,4,8,France,2018,7,19,200,11,11,5,Thu,29
392,391,18/07/2018 16:17,43,9,16,France,2018,7,18,199,16,17,4,Wed,29
393,392,17/07/2018 14:30,22,3,5,France,2018,7,17,198,14,30,3,Tue,29
394,393,17/07/2018 11:58,19,5,2,France,2018,7,17,198,11,58,3,Tue,29
395,394,16/07/2018 14:53,46,12,9,France,2018,7,16,197,14,53,2,Mon,29
396,395,15/07/2018 07:00,564,256,11,France,2018,7,15,196,7,0,1,Sun,28
397,396,12/07/2018 14:11,15,5,5,France,2018,7,12,193,14,11,5,Thu,28
398,397,11/07/2018 15:30,13,2,4,France,2018,7,11,192,15,30,4,Wed,28
399,398,11/07/2018 13:40,52,17,13,France,2018,7,11,192,13,40,4,Wed,28
400,399,11/07/2018 11:41,25,7,11,France,2018,7,11,192,11,41,4,Wed,28
401,400,09/07/2018 18:00,77,6,33,France,2018,7,9,190,18,0,2,Mon,28
402,401,09/07/2018 16:04,14,3,2,France,2018,7,9,190,16,4,2,Mon,28
403,402,06/07/2018 14:30,38,10,12,France,2018,7,6,187,14,30,6,Fri,27
404,403,06/07/2018 10:03,23,7,4,France,2018,7,6,187,10,3,6,Fri,27
405,404,03/07/2018 18:01,12,1,3,France,2018,7,3,184,18,1,3,Tue,27
406,405,03/07/2018 18:00,147,32,12,France,2018,7,3,184,18,0,3,Tue,27
407,406,28/06/2018 17:55,71,5,37,France,2018,6,28,179,17,55,5,Thu,26
408,407,27/06/2018 14:30,23,5,6,France,2018,6,27,178,14,30,4,Wed,26
409,408,27/06/2018 11:41,34,4,6,France,2018,6,27,178,11,41,4,Wed,26
410,409,25/06/2018 16:05,23,10,5,France,2018,6,25,176,16,5,2,Mon,26
411,410,22/06/2018 16:00,7,3,2,France,2018,6,22,173,16,0,6,Fri,25
412,411,22/06/2018 14:51,11,2,7,France,2018,6,22,173,14,51,6,Fri,25
413,412,20/06/2018 14:30,47,14,6,France,2018,6,20,171,14,30,4,Wed,25
414,413,20/06/2018 11:25,27,5,7,France,2018,6,20,171,11,25,4,Wed,25
415,414,19/06/2018 18:14,18,5,2,France,2018,6,19,170,18,14,3,Tue,25
416,415,15/06/2018 18:09,14,6,5,France,2018,6,15,166,18,9,6,Fri,24
417,416,13/06/2018 11:24,47,16,15,France,2018,6,13,164,11,24,4,Wed,24
418,417,11/06/2018 18:00,157,20,3,France,2018,6,11,162,18,0,2,Mon,24
419,418,08/06/2018 18:00,171,19,4,France,2018,6,8,159,18,0,6,Fri,23
420,419,07/06/2018 12:02,17,1,5,France,2018,6,7,158,12,2,5,Thu,23
421,420,05/06/2018 18:00,156,24,13,France,2018,6,5,156,18,0,3,Tue,23
422,421,31/05/2018 18:00,365,45,14,France,2018,5,31,151,18,0,5,Thu,22
423,422,31/05/2018 17:14,35,13,5,France,2018,5,31,151,17,14,5,Thu,22
424,423,28/05/2018 18:05,39,8,11,France,2018,5,28,148,18,5,2,Mon,22
425,424,24/05/2018 17:03,12,2,4,France,2018,5,24,144,17,3,5,Thu,21
426,425,24/05/2018 14:13,26,6,4,France,2018,5,24,144,14,13,5,Thu,21
427,426,23/05/2018 18:00,415,85,11,France,2018,5,23,143,18,0,4,Wed,21
428,427,18/05/2018 10:13,8,0,3,France,2018,5,18,138,10,13,6,Fri,20
429,428,17/05/2018 11:25,35,5,7,France,2018,5,17,137,11,25,5,Thu,20
430,429,16/05/2018 12:36,8,0,2,France,2018,5,16,136,12,36,4,Wed,20
431,430,15/05/2018 18:00,208,43,16,France,2018,5,15,135,18,0,3,Tue,20
432,431,14/05/2018 14:48,64,23,8,France,2018,5,14,134,14,48,2,Mon,20
433,432,11/05/2018 18:00,380,52,11,France,2018,5,11,131,18,0,6,Fri,19
434,433,07/05/2018 18:01,54,12,12,France,2018,5,7,127,18,1,2,Mon,19
435,434,04/05/2018 18:00,34,9,6,France,2018,5,4,124,18,0,6,Fri,18
436,435,01/05/2018 18:00,1215,265,72,France,2018,5,1,121,18,0,3,Tue,18
437,436,27/04/2018 12:12,96,24,8,France,2018,4,27,117,12,12,6,Fri,17
438,437,27/04/2018 11:38,27,5,2,France,2018,4,27,117,11,38,6,Fri,17
439,438,24/04/2018 18:00,254,135,29,France,2018,4,24,114,18,0,3,Tue,17
440,439,23/04/2018 15:42,29,13,5,France,2018,4,23,113,15,42,2,Mon,17
441,440,20/04/2018 18:30,29,5,8,France,2018,4,20,110,18,30,6,Fri,16
442,441,20/04/2018 18:00,121,19,6,France,2018,4,20,110,18,0,6,Fri,16
443,442,19/04/2018 16:23,58,15,14,France,2018,4,19,109,16,23,5,Thu,16
444,443,18/04/2018 13:56,58,15,8,France,2018,4,18,108,13,56,4,Wed,16
445,444,17/04/2018 18:00,1186,435,44,France,2018,4,17,107,18,0,3,Tue,16
446,445,12/04/2018 18:00,802,274,41,France,2018,4,12,102,18,0,5,Thu,15
447,446,11/04/2018 15:49,30,6,9,France,2018,4,11,101,15,49,4,Wed,15
448,447,03/04/2018 11:44,11,0,4,France,2018,4,3,93,11,44,3,Tue,14
449,448,03/04/2018 11:44,172,43,13,France,2018,4,3,93,11,44,3,Tue,14
450,449,30/03/2018 10:20,357,159,48,France,2018,3,30,89,10,20,6,Fri,13
451,450,26/03/2018 18:00,367,69,38,France,2018,3,26,85,18,0,2,Mon,13
452,451,22/03/2018 15:18,33,5,6,France,2018,3,22,81,15,18,5,Thu,12
453,452,21/03/2018 18:01,563,78,30,France,2018,3,21,80,18,1,4,Wed,12
454,453,21/03/2018 11:07,41,7,13,France,2018,3,21,80,11,7,4,Wed,12
455,454,16/03/2018 18:00,413,103,33,France,2018,3,16,75,18,0,6,Fri,11
456,455,14/03/2018 11:36,68,9,16,France,2018,3,14,73,11,36,4,Wed,11
457,456,12/03/2018 18:00,336,36,13,France,2018,3,12,71,18,0,2,Mon,11
458,457,09/03/2018 18:00,100,12,7,France,2018,3,9,68,18,0,6,Fri,10
459,458,06/03/2018 18:02,211,46,46,France,2018,3,6,65,18,2,3,Tue,10
460,459,28/02/2018 18:02,49,11,20,France,2018,2,28,59,18,2,4,Wed,9
461,460,26/02/2018 18:00,485,164,27,France,2018,2,26,57,18,0,2,Mon,9
462,461,20/02/2018 18:00,440,142,20,France,2018,2,20,51,18,0,3,Tue,8
463,462,15/02/2018 15:08,184,78,20,France,2018,2,15,46,15,8,5,Thu,7
464,463,12/02/2018 18:01,7,2,2,France,2018,2,12,43,18,1,2,Mon,7
465,464,09/02/2018 10:32,10,2,9,France,2018,2,9,40,10,32,6,Fri,6
466,465,09/02/2018 10:30,103,61,31,France,2018,2,9,40,10,30,6,Fri,6
467,466,06/02/2018 18:00,390,59,34,France,2018,2,6,37,18,0,3,Tue,6
468,467,01/02/2018 14:33,57,10,11,France,2018,2,1,32,14,33,5,Thu,5
469,468,31/01/2018 16:38,39,8,12,France,2018,1,31,31,16,38,4,Wed,5
470,469,26/01/2018 17:58,49,14,21,France,2018,1,26,26,17,58,6,Fri,4
471,470,25/01/2018 12:26,70,31,15,France,2018,1,25,25,12,26,5,Thu,4
472,471,23/01/2018 18:00,257,60,22,France,2018,1,23,23,18,0,3,Tue,4
473,472,19/01/2018 18:02,81,18,32,France,2018,1,19,19,18,2,6,Fri,3
474,473,16/01/2018 11:19,11,1,6,France,2018,1,16,16,11,19,3,Tue,3
475,474,13/01/2018 12:01,44,4,2,France,2018,1,13,13,12,1,7,Sat,2
476,475,13/01/2018 12:00,305,1507,58,France,2018,1,13,13,12,0,7,Sat,2
477,476,12/01/2018 11:00,8,0,2,France,2018,1,12,12,11,0,6,Fri,2
478,477,11/01/2018 12:00,15,2,3,France,2018,1,11,11,12,0,5,Thu,2
479,478,11/01/2018 12:00,210,188,286,France,2018,1,11,11,12,0,5,Thu,2
480,479,04/01/2018 12:04,29,6,6,France,2018,1,4,4,12,4,5,Thu,1
481,480,02/01/2018 18:00,1004,221,21,France,2018,1,2,2,18,0,3,Tue,1
482,481,28/12/2017 19:00,29,10,10,France,2017,12,28,362,19,0,5,Thu,52
483,482,28/12/2017 18:00,389,57,52,France,2017,12,28,362,18,0,5,Thu,52
484,483,27/12/2017 12:00,60,12,9,France,2017,12,27,361,12,0,4,Wed,52
485,484,24/12/2017 18:00,245,51,23,France,2017,12,24,358,18,0,1,Sun,52
486,485,22/12/2017 11:47,59,9,12,France,2017,12,22,356,11,47,6,Fri,51
487,486,20/12/2017 14:30,22,9,5,France,2017,12,20,354,14,30,4,Wed,51
488,487,20/12/2017 11:38,96,20,7,France,2017,12,20,354,11,38,4,Wed,51
489,488,19/12/2017 11:10,976,700,76,France,2017,12,19,353,11,10,3,Tue,51
490,489,15/12/2017 18:03,30,2,20,France,2017,12,15,349,18,3,6,Fri,50
491,490,15/12/2017 18:00,215,62,475,France,2017,12,15,349,18,0,6,Fri,50
492,491,13/12/2017 18:08,43,12,16,France,2017,12,13,347,18,8,4,Wed,50
493,492,11/12/2017 11:27,15,3,3,France,2017,12,11,345,11,27,2,Mon,50
494,493,07/12/2017 14:30,37,17,7,France,2017,12,7,341,14,30,5,Thu,49
495,494,07/12/2017 11:19,27,10,5,France,2017,12,7,341,11,19,5,Thu,49
496,495,06/12/2017 12:11,33,13,9,France,2017,12,6,340,12,11,4,Wed,49
497,496,05/12/2017 12:34,203,122,43,France,2017,12,5,339,12,34,3,Tue,49
498,497,04/12/2017 18:00,260,54,13,France,2017,12,4,338,18,0,2,Mon,49
499,498,04/12/2017 10:31,26,7,6,France,2017,12,4,338,10,31,2,Mon,49
500,499,30/11/2017 11:13,28,11,3,France,2017,11,30,334,11,13,5,Thu,48
501,500,29/11/2017 14:30,13,8,4,France,2017,11,29,333,14,30,4,Wed,48
502,501,29/11/2017 11:15,62,54,12,France,2017,11,29,333,11,15,4,Wed,48
503,502,28/11/2017 18:00,468,136,25,France,2017,11,28,332,18,0,3,Tue,48
504,503,24/11/2017 18:00,136,28,34,France,2017,11,24,328,18,0,6,Fri,47
505,504,23/11/2017 17:30,16,6,7,France,2017,11,23,327,17,30,5,Thu,47
506,505,23/11/2017 14:30,12,5,2,France,2017,11,23,327,14,30,5,Thu,47
507,506,23/11/2017 11:31,28,8,5,France,2017,11,23,327,11,31,5,Thu,47
508,507,22/11/2017 21:00,21,6,4,France,2017,11,22,326,21,0,4,Wed,47
509,508,22/11/2017 18:00,26,18,4,France,2017,11,22,326,18,0,4,Wed,47
510,509,22/11/2017 15:10,54,12,7,France,2017,11,22,326,15,10,4,Wed,47
511,510,20/11/2017 18:03,44,15,13,France,2017,11,20,324,18,3,2,Mon,47
512,511,17/11/2017 18:00,134,28,5,France,2017,11,17,321,18,0,6,Fri,46
513,512,16/11/2017 16:00,9,7,3,France,2017,11,16,320,16,0,5,Thu,46
514,513,16/11/2017 12:29,35,8,11,France,2017,11,16,320,12,29,5,Thu,46
515,514,15/11/2017 11:21,26,1,5,France,2017,11,15,319,11,21,4,Wed,46
516,515,15/11/2017 11:21,37,3,12,France,2017,11,15,319,11,21,4,Wed,46
517,516,14/11/2017 11:31,38,7,6,France,2017,11,14,318,11,31,3,Tue,46
518,517,13/11/2017 18:00,334,85,21,France,2017,11,13,317,18,0,2,Mon,46
519,518,10/11/2017 18:00,477,65,22,France,2017,11,10,314,18,0,6,Fri,45
520,519,09/11/2017 12:29,68,23,10,France,2017,11,9,313,12,29,5,Thu,45
521,520,09/11/2017 12:19,32,11,3,France,2017,11,9,313,12,19,5,Thu,45
522,521,07/11/2017 18:00,115,36,69,France,2017,11,7,311,18,0,3,Tue,45
523,522,03/11/2017 12:08,43,13,2,France,2017,11,3,307,12,8,6,Fri,44
524,523,02/11/2017 18:35,49,16,9,France,2017,11,2,306,18,35,5,Thu,44
525,524,01/11/2017 18:00,759,158,22,France,2017,11,1,305,18,0,4,Wed,44
526,525,27/10/2017 15:10,28,10,4,France,2017,10,27,300,15,10,6,Fri,43
527,526,27/10/2017 15:10,139,128,30,France,2017,10,27,300,15,10,6,Fri,43
528,527,26/10/2017 11:40,55,15,10,France,2017,10,26,299,11,40,5,Thu,43
529,528,25/10/2017 18:16,8,1,6,France,2017,10,25,298,18,16,4,Wed,43
530,529,24/10/2017 18:01,67,23,32,France,2017,10,24,297,18,1,3,Tue,43
531,530,19/10/2017 18:00,837,359,53,France,2017,10,19,292,18,0,5,Thu,42
532,531,18/10/2017 12:20,27,11,8,France,2017,10,18,291,12,20,4,Wed,42
533,532,17/10/2017 11:00,451,162,26,France,2017,10,17,290,11,0,3,Tue,42
534,533,13/10/2017 18:00,677,245,11,France,2017,10,13,286,18,0,6,Fri,41
535,534,10/10/2017 18:03,74,20,15,France,2017,10,10,283,18,3,3,Tue,41
536,535,09/10/2017 14:15,62,7,8,France,2017,10,9,282,14,15,2,Mon,41
537,536,03/10/2017 18:51,39,3,7,France,2017,10,3,276,18,51,3,Tue,40
538,537,02/10/2017 19:25,19,1,0,France,2017,10,2,275,19,25,2,Mon,40
539,538,02/10/2017 18:01,11,5,4,France,2017,10,2,275,18,1,2,Mon,40
540,539,01/10/2017 20:57,24,2,1,France,2017,10,1,274,20,57,1,Sun,40
541,540,30/09/2017 19:04,28,3,3,France,2017,9,30,273,19,4,7,Sat,39
542,541,29/09/2017 18:14,27,4,0,France,2017,9,29,272,18,14,6,Fri,39
543,542,27/09/2017 13:41,24,14,4,France,2017,9,27,270,13,41,4,Wed,39
544,543,28/09/2017 18:00,581,310,35,France,2017,9,28,271,18,0,5,Thu,39
545,544,22/09/2017 11:19,37,11,6,France,2017,9,22,265,11,19,6,Fri,38
546,545,21/09/2017 11:48,65,12,7,France,2017,9,21,264,11,48,5,Thu,38
547,546,20/09/2017 11:25,47,12,15,France,2017,9,20,263,11,25,4,Wed,38
548,547,19/09/2017 18:00,150,44,6,France,2017,9,19,262,18,0,3,Tue,38
549,548,18/09/2017 16:31,25,10,8,France,2017,9,18,261,16,31,2,Mon,38
550,549,15/09/2017 18:00,213,51,16,France,2017,9,15,258,18,0,6,Fri,37
551,550,14/09/2017 14:49,50,26,12,France,2017,9,14,257,14,49,5,Thu,37
552,551,14/09/2017 12:13,25,12,7,France,2017,9,14,257,12,13,5,Thu,37
553,552,14/09/2017 11:48,40,14,4,France,2017,9,14,257,11,48,5,Thu,37
554,553,11/09/2017 18:00,247,46,18,France,2017,9,11,254,18,0,2,Mon,37
555,554,08/09/2017 18:00,996,781,25,France,2017,9,8,251,18,0,6,Fri,36
556,555,04/09/2017 12:42,49,20,4,France,2017,9,4,247,12,42,2,Mon,36
557,556,29/08/2017 11:30,57,47,9,France,2017,8,29,241,11,30,3,Tue,35
558,557,27/08/2017 09:30,948,355,65,France,2017,8,27,239,9,30,1,Sun,35
559,558,24/08/2017 12:17,71,43,18,France,2017,8,24,236,12,17,5,Thu,34
560,559,22/08/2017 18:36,36,8,5,France,2017,8,22,234,18,36,3,Tue,34
561,560,22/08/2017 18:07,156,39,12,France,2017,8,22,234,18,7,3,Tue,34
562,561,16/08/2017 11:31,44,8,15,France,2017,8,16,228,11,31,4,Wed,33
563,562,14/08/2017 18:10,64,58,10,France,2017,8,14,226,18,10,2,Mon,33
564,563,10/08/2017 18:02,98,33,57,France,2017,8,10,222,18,2,5,Thu,32
565,564,08/08/2017 16:45,12,7,7,France,2017,8,8,220,16,45,3,Tue,32
566,565,08/08/2017 11:41,29,6,7,France,2017,8,8,220,11,41,3,Tue,32
567,566,07/08/2017 11:16,42,13,6,France,2017,8,7,219,11,16,2,Mon,32
568,567,04/08/2017 18:01,149,309,18,France,2017,8,4,216,18,1,6,Fri,31
569,568,03/08/2017 11:19,70,29,17,France,2017,8,3,215,11,19,5,Thu,31
570,569,28/07/2017 18:02,114,24,11,France,2017,7,28,209,18,2,6,Fri,30
571,570,27/07/2017 14:48,27,7,9,France,2017,7,27,208,14,48,5,Thu,30
572,571,26/07/2017 16:38,25,7,3,France,2017,7,26,207,16,38,4,Wed,30
573,572,25/07/2017 11:32,38,8,2,France,2017,7,25,206,11,32,3,Tue,30
574,573,22/07/2017 11:00,50,13,15,France,2017,7,22,203,11,0,7,Sat,29
575,574,21/07/2017 18:11,81,46,109,France,2017,7,21,202,18,11,6,Fri,29
576,575,20/07/2017 19:15,19,7,3,France,2017,7,20,201,19,15,5,Thu,29
577,576,20/07/2017 18:36,28,9,5,France,2017,7,20,201,18,36,5,Thu,29
578,577,20/07/2017 18:01,117,34,1,France,2017,7,20,201,18,1,5,Thu,29
579,578,19/07/2017 12:25,32,7,1,France,2017,7,19,200,12,25,4,Wed,29
580,579,19/07/2017 12:24,57,27,7,France,2017,7,19,200,12,24,4,Wed,29
581,580,13/07/2017 18:01,209,76,28,France,2017,7,13,194,18,1,5,Thu,28
582,581,10/07/2017 18:04,245,94,17,France,2017,7,10,191,18,4,2,Mon,28
583,582,07/07/2017 18:03,905,719,25,France,2017,7,7,188,18,3,6,Fri,27
584,583,05/07/2017 12:19,11,0,0,France,2017,7,5,186,12,19,4,Wed,27
585,584,04/07/2017 18:16,22,5,3,France,2017,7,4,185,18,16,3,Tue,27
586,585,04/07/2017 18:03,86,11,13,France,2017,7,4,185,18,3,3,Tue,27
587,586,30/06/2017 11:00,22,5,8,France,2017,6,30,181,11,0,6,Fri,26
588,587,29/06/2017 18:13,44,31,15,France,2017,6,29,180,18,13,5,Thu,26
589,588,28/06/2017 15:36,55,15,3,France,2017,6,28,179,15,36,4,Wed,26
590,589,27/06/2017 18:04,49,12,7,France,2017,6,27,178,18,4,3,Tue,26
591,590,27/06/2017 11:00,97,50,10,France,2017,6,27,178,11,0,3,Tue,26
592,591,26/06/2017 17:13,72,35,12,France,2017,6,26,177,17,13,2,Mon,26
593,592,23/06/2017 18:02,73,25,8,France,2017,6,23,174,18,2,6,Fri,25
594,593,22/06/2017 14:00,13,7,3,France,2017,6,22,173,14,0,5,Thu,25
595,594,22/06/2017 09:30,22,10,7,France,2017,6,22,173,9,30,5,Thu,25
596,595,21/06/2017 11:54,22,11,7,France,2017,6,21,172,11,54,4,Wed,25
597,596,20/06/2017 18:02,70,101,9,France,2017,6,20,171,18,2,3,Tue,25
598,597,19/06/2017 10:46,41,18,7,France,2017,6,19,170,10,46,2,Mon,25
599,598,15/06/2017 18:01,6,0,0,France,2017,6,15,166,18,1,5,Thu,24
600,599,15/06/2017 18:00,78,45,12,France,2017,6,15,166,18,0,5,Thu,24
601,0,16/07/2020 02:38,340,29,89,US,2020,7,16,198,2,38,5,Thu,29
602,1,15/07/2020 21:00,571,81,241,US,2020,7,15,197,21,0,4,Wed,29
603,2,15/07/2020 15:30,317,42,156,US,2020,7,15,197,15,30,4,Wed,29
604,3,14/07/2020 12:00,17313,3933,11049,US,2020,7,14,196,12,0,3,Tue,28
605,4,14/07/2020 04:00,29982,7771,1828,US,2020,7,14,196,4,0,3,Tue,28
606,5,13/07/2020 20:00,6258,676,830,US,2020,7,13,195,20,0,2,Mon,28
607,6,10/07/2020 20:21,1535,79,127,US,2020,7,10,192,20,21,6,Fri,28
608,7,08/07/2020 18:37,1261,117,123,US,2020,7,8,190,18,37,4,Wed,28
609,8,06/07/2020 16:00,842,49,84,US,2020,7,6,188,16,0,2,Mon,27
610,9,05/07/2020 19:00,3234,132,282,US,2020,7,5,187,19,0,1,Sun,27
611,10,04/07/2020 22:00,3040,194,187,US,2020,7,4,186,22,0,7,Sat,27
612,11,29/06/2020 17:12,5445,655,181,US,2020,6,29,181,17,12,2,Mon,26
613,12,26/06/2020 21:00,652,42,68,US,2020,6,26,178,21,0,6,Fri,26
614,13,25/06/2020 15:55,114,15,40,US,2020,6,25,177,15,55,5,Thu,26
615,14,23/06/2020 15:50,1181,313,175,US,2020,6,23,175,15,50,3,Tue,25
616,15,22/06/2020 18:07,4857,587,217,US,2020,6,22,174,18,7,2,Mon,25
617,16,15/06/2020 21:04,274,44,128,US,2020,6,15,167,21,4,2,Mon,24
618,17,15/06/2020 09:01,8483,530,1142,US,2020,6,15,167,9,1,2,Mon,24
619,18,14/06/2020 23:26,8639,501,260,US,2020,6,14,166,23,26,1,Sun,24
620,19,12/06/2020 21:59,2042,134,372,US,2020,6,12,164,21,59,6,Fri,24
621,20,03/06/2020 01:54,4419,493,416,US,2020,6,3,155,1,54,4,Wed,23
622,21,29/05/2020 02:43,2382,134,765,US,2020,5,29,150,2,43,6,Fri,22
623,22,28/05/2020 16:34,1658,219,241,US,2020,5,28,149,16,34,5,Thu,22
624,23,27/05/2020 00:06,2285,199,325,US,2020,5,27,148,0,6,4,Wed,22
625,24,22/05/2020 15:25,3289,666,168,US,2020,5,22,143,15,25,6,Fri,21
626,25,21/05/2020 22:58,3011,424,159,US,2020,5,21,142,22,58,5,Thu,21
627,26,21/05/2020 22:01,1645,128,41,US,2020,5,21,142,22,1,5,Thu,21
628,27,19/05/2020 18:18,2833,362,153,US,2020,5,19,140,18,18,3,Tue,20
629,28,18/05/2020 23:49,2260,227,95,US,2020,5,18,139,23,49,2,Mon,20
630,29,15/05/2020 18:14,643,65,72,US,2020,5,15,136,18,14,6,Fri,20
631,30,14/05/2020 16:27,455,77,84,US,2020,5,14,135,16,27,5,Thu,20
632,31,14/05/2020 15:19,223,19,11,US,2020,5,14,135,15,19,5,Thu,20
633,32,14/05/2020 02:02,270,20,8,US,2020,5,14,135,2,2,5,Thu,20
634,33,14/05/2020 02:01,308,42,14,US,2020,5,14,135,2,1,5,Thu,20
635,34,14/05/2020 00:24,375,31,25,US,2020,5,14,135,0,24,5,Thu,20
636,35,13/05/2020 23:07,195,30,19,US,2020,5,13,134,23,7,4,Wed,20
637,36,13/05/2020 22:07,425,50,51,US,2020,5,13,134,22,7,4,Wed,20
638,37,13/05/2020 16:10,4670,373,2834,US,2020,5,13,134,16,10,4,Wed,20
639,38,12/05/2020 15:06,738,81,173,US,2020,5,12,133,15,6,3,Tue,19
640,39,09/05/2020 18:16,343,41,49,US,2020,5,9,130,18,16,7,Sat,19
641,40,07/05/2020 16:00,753,61,51,US,2020,5,7,128,16,0,5,Thu,19
642,41,04/05/2020 23:02,22098,6682,436,US,2020,5,4,125,23,2,2,Mon,18
643,42,28/04/2020 16:00,525,90,77,US,2020,4,28,119,16,0,3,Tue,17
644,43,25/04/2020 02:35,148,22,32,US,2020,4,25,116,2,35,7,Sat,17
645,44,24/04/2020 17:01,15683,3894,724,US,2020,4,24,115,17,1,6,Fri,17
646,45,24/04/2020 02:38,510,43,56,US,2020,4,24,115,2,38,6,Fri,17
647,46,23/04/2020 15:52,232,48,43,US,2020,4,23,114,15,52,5,Thu,17
648,47,22/04/2020 23:29,7792,1058,809,US,2020,4,22,113,23,29,4,Wed,17
649,48,22/04/2020 15:06,256,21,24,US,2020,4,22,113,15,6,4,Wed,17
650,49,20/04/2020 22:21,1979,325,87,US,2020,4,20,111,22,21,2,Mon,16
651,50,20/04/2020 18:03,79,14,34,US,2020,4,20,111,18,3,2,Mon,16
652,51,19/04/2020 18:03,99,16,22,US,2020,4,19,110,18,3,1,Sun,16
653,52,19/04/2020 02:27,121,15,15,US,2020,4,19,110,2,27,1,Sun,16
654,53,18/04/2020 23:19,88,8,11,US,2020,4,18,109,23,19,7,Sat,16
655,54,18/04/2020 18:25,137,13,9,US,2020,4,18,109,18,25,7,Sat,16
656,55,18/04/2020 17:41,116,8,20,US,2020,4,18,109,17,41,7,Sat,16
657,56,18/04/2020 16:18,57,8,10,US,2020,4,18,109,16,18,7,Sat,16
658,57,17/04/2020 23:21,53,15,3,US,2020,4,17,108,23,21,6,Fri,16
659,58,17/04/2020 23:21,133,19,15,US,2020,4,17,108,23,21,6,Fri,16
660,59,17/04/2020 16:50,81,10,20,US,2020,4,17,108,16,50,6,Fri,16
661,60,16/04/2020 16:04,86,17,31,US,2020,4,16,107,16,4,5,Thu,16
662,61,15/04/2020 17:47,81,17,29,US,2020,4,15,106,17,47,4,Wed,16
663,62,14/04/2020 16:39,107,22,47,US,2020,4,14,105,16,39,3,Tue,15
664,63,13/04/2020 17:20,356,78,188,US,2020,4,13,104,17,20,2,Mon,15
665,64,13/04/2020 15:39,1548,231,252,US,2020,4,13,104,15,39,2,Mon,15
666,65,10/04/2020 01:57,578,99,84,US,2020,4,10,101,1,57,6,Fri,15
667,66,09/04/2020 15:09,99,11,10,US,2020,4,9,100,15,9,5,Thu,15
668,67,09/04/2020 15:09,209,29,29,US,2020,4,9,100,15,9,5,Thu,15
669,68,09/04/2020 15:09,2137,305,201,US,2020,4,9,100,15,9,5,Thu,15
670,69,05/04/2020 17:11,395,41,53,US,2020,4,5,96,17,11,1,Sun,14
671,70,03/04/2020 02:15,305,51,44,US,2020,4,3,94,2,15,6,Fri,14
672,71,02/04/2020 16:26,612,86,60,US,2020,4,2,93,16,26,5,Thu,14
673,72,01/04/2020 18:59,366,39,70,US,2020,4,1,92,18,59,4,Wed,14
674,73,28/03/2020 01:00,375,77,55,US,2020,3,28,88,1,0,7,Sat,13
675,74,25/03/2020 18:25,1979,303,100,US,2020,3,25,85,18,25,4,Wed,13
676,75,23/03/2020 16:04,2564,533,232,US,2020,3,23,83,16,4,2,Mon,12
677,76,20/03/2020 15:20,672,120,102,US,2020,3,20,80,15,20,6,Fri,12
678,77,19/03/2020 18:53,619,100,98,US,2020,3,19,79,18,53,5,Thu,12
679,78,17/03/2020 19:13,3383,429,407,US,2020,3,17,77,19,13,3,Tue,11
680,79,13/03/2020 17:02,465,91,97,US,2020,3,13,73,17,2,6,Fri,11
681,80,12/03/2020 17:24,222,16,11,US,2020,3,12,72,17,24,5,Thu,11
682,81,12/03/2020 17:24,1519,128,152,US,2020,3,12,72,17,24,5,Thu,11
683,82,10/03/2020 17:43,1487,139,101,US,2020,3,10,70,17,43,3,Tue,10
684,83,08/03/2020 12:00,751,65,49,US,2020,3,8,68,12,0,1,Sun,10
685,84,07/03/2020 14:12,1247,149,55,US,2020,3,7,67,14,12,7,Sat,10
686,85,07/03/2020 00:08,438,32,49,US,2020,3,7,67,0,8,7,Sat,10
687,86,06/03/2020 20:01,508,62,102,US,2020,3,6,66,20,1,6,Fri,10
688,87,06/03/2020 14:03,140,9,2,US,2020,3,6,66,14,3,6,Fri,10
689,88,06/03/2020 14:02,1160,70,87,US,2020,3,6,66,14,2,6,Fri,10
690,89,05/03/2020 17:17,1924,251,147,US,2020,3,5,65,17,17,5,Thu,10
691,90,05/03/2020 15:00,763,67,47,US,2020,3,5,65,15,0,5,Thu,10
692,91,02/03/2020 14:10,499,61,75,US,2020,3,2,62,14,10,2,Mon,9
693,92,19/02/2020 14:01,7663,1641,1031,US,2020,2,19,50,14,1,4,Wed,8
694,93,18/02/2020 18:08,289,44,86,US,2020,2,18,49,18,8,3,Tue,7
695,94,14/02/2020 21:15,1715,173,69,US,2020,2,14,45,21,15,6,Fri,7
696,95,14/02/2020 16:04,108,16,5,US,2020,2,14,45,16,4,6,Fri,7
697,96,14/02/2020 16:04,512,78,23,US,2020,2,14,45,16,4,6,Fri,7
698,97,13/02/2020 23:34,1583,266,48,US,2020,2,13,44,23,34,5,Thu,7
699,98,11/02/2020 16:27,2197,169,143,US,2020,2,11,42,16,27,3,Tue,6
700,99,07/02/2020 21:45,465,31,13,US,2020,2,7,38,21,45,6,Fri,6
701,100,06/02/2020 21:37,443,42,78,US,2020,2,6,37,21,37,5,Thu,6
702,101,06/02/2020 21:34,1348,114,48,US,2020,2,6,37,21,34,5,Thu,6
703,102,06/02/2020 19:47,2360,597,63,US,2020,2,6,37,19,47,5,Thu,6
704,103,05/02/2020 17:30,329,35,48,US,2020,2,5,36,17,30,4,Wed,6
705,104,05/02/2020 16:00,479,40,48,US,2020,2,5,36,16,0,4,Wed,6
706,105,30/01/2020 23:08,870,78,47,US,2020,1,30,30,23,8,5,Thu,5
707,106,30/01/2020 20:39,701,47,55,US,2020,1,30,30,20,39,5,Thu,5
708,107,24/01/2020 14:30,840,45,58,US,2020,1,24,24,14,30,6,Fri,4
709,108,22/01/2020 18:05,3313,486,233,US,2020,1,22,22,18,5,4,Wed,4
710,109,20/01/2020 20:36,734,74,26,US,2020,1,20,20,20,36,2,Mon,3
711,110,20/01/2020 17:49,2385,128,114,US,2020,1,20,20,17,49,2,Mon,3
712,111,15/01/2020 20:28,2181,162,61,US,2020,1,15,15,20,28,4,Wed,3
713,112,14/01/2020 01:45,9234,776,532,US,2020,1,14,14,1,45,3,Tue,2
714,113,13/01/2020 21:43,8273,2032,346,US,2020,1,13,13,21,43,2,Mon,2
715,114,08/01/2020 22:13,614,34,77,US,2020,1,8,8,22,13,4,Wed,2
716,115,08/01/2020 20:33,366,51,57,US,2020,1,8,8,20,33,4,Wed,2
717,116,07/01/2020 03:31,7875,1172,241,US,2020,1,7,7,3,31,3,Tue,1
718,117,01/01/2020 15:03,2046,184,133,US,2020,1,1,1,15,3,4,Wed,1
719,118,23/12/2019 20:25,840,83,138,US,2019,12,23,357,20,25,2,Mon,51
720,119,20/12/2019 19:34,327,27,34,US,2019,12,20,354,19,34,6,Fri,51
721,120,18/12/2019 15:19,380,71,76,US,2019,12,18,352,15,19,4,Wed,51
722,121,17/12/2019 23:03,1159,69,103,US,2019,12,17,351,23,3,3,Tue,51
723,122,17/12/2019 21:15,1612,163,83,US,2019,12,17,351,21,15,3,Tue,51
724,123,15/12/2019 17:27,411,31,141,US,2019,12,15,349,17,27,1,Sun,50
725,124,12/12/2019 19:31,1116,157,96,US,2019,12,12,346,19,31,5,Thu,50
726,125,10/12/2019 21:18,16114,2187,286,US,2019,12,10,344,21,18,3,Tue,50
727,126,05/12/2019 19:04,2425,174,195,US,2019,12,5,339,19,4,5,Thu,49
728,127,05/12/2019 17:52,344,51,71,US,2019,12,5,339,17,52,5,Thu,49
729,128,04/12/2019 16:02,340,57,92,US,2019,12,4,338,16,2,4,Wed,49
730,129,25/11/2019 20:50,16952,3101,1813,US,2019,11,25,329,20,50,2,Mon,47
731,130,23/11/2019 18:00,1215,153,105,US,2019,11,23,327,18,0,7,Sat,47
732,131,20/11/2019 23:21,4640,782,189,US,2019,11,20,324,23,21,4,Wed,47
733,132,19/11/2019 17:53,2181,278,131,US,2019,11,19,323,17,53,3,Tue,47
734,133,16/11/2019 22:55,638,65,94,US,2019,11,16,320,22,55,7,Sat,46
735,134,11/11/2019 23:42,4402,542,95,US,2019,11,11,315,23,42,2,Mon,45
736,135,11/11/2019 16:08,303,36,42,US,2019,11,11,315,16,8,2,Mon,45
737,136,11/11/2019 05:29,531,28,21,US,2019,11,11,315,5,29,2,Mon,45
738,137,11/11/2019 05:29,1244,128,77,US,2019,11,11,315,5,29,2,Mon,45
739,138,10/11/2019 16:00,375,31,44,US,2019,11,10,314,16,0,1,Sun,45
740,139,31/10/2019 17:35,2755,319,140,US,2019,10,31,304,17,35,5,Thu,44
741,140,30/10/2019 22:29,2663,184,374,US,2019,10,30,303,22,29,4,Wed,44
742,141,28/10/2019 00:56,13547,4493,984,US,2019,10,28,301,0,56,2,Mon,43
743,142,25/10/2019 20:02,3733,478,766,US,2019,10,25,298,20,2,6,Fri,43
744,143,25/10/2019 00:39,873,70,17,US,2019,10,25,298,0,39,6,Fri,43
745,144,24/10/2019 18:41,917,155,91,US,2019,10,24,297,18,41,5,Thu,43
746,145,24/10/2019 03:00,723,98,53,US,2019,10,24,297,3,0,5,Thu,43
747,146,23/10/2019 20:01,8530,1308,426,US,2019,10,23,296,20,1,4,Wed,43
748,147,21/10/2019 17:23,398,58,81,US,2019,10,21,294,17,23,2,Mon,42
749,148,20/10/2019 16:44,117,23,33,US,2019,10,20,293,16,44,1,Sun,42
750,149,19/10/2019 17:20,715,92,137,US,2019,10,19,292,17,20,7,Sat,42
751,150,18/10/2019 16:38,809,66,61,US,2019,10,18,291,16,38,6,Fri,42
752,151,17/10/2019 15:03,239,62,44,US,2019,10,17,290,15,3,5,Thu,42
753,152,14/10/2019 03:14,7548,863,1060,US,2019,10,14,287,3,14,2,Mon,41
754,153,13/10/2019 17:38,1502,160,55,US,2019,10,13,286,17,38,1,Sun,41
755,154,12/10/2019 01:00,3891,461,65,US,2019,10,12,285,1,0,7,Sat,41
756,155,12/10/2019 00:47,721,62,30,US,2019,10,12,285,0,47,7,Sat,41
757,156,11/10/2019 18:25,465,33,53,US,2019,10,11,284,18,25,6,Fri,41
758,157,09/10/2019 16:36,2881,602,173,US,2019,10,9,282,16,36,4,Wed,41
759,158,08/10/2019 15:51,1619,226,46,US,2019,10,8,281,15,51,3,Tue,41
760,159,03/10/2019 15:07,2714,596,158,US,2019,10,3,276,15,7,5,Thu,40
761,160,26/09/2019 21:26,743,57,92,US,2019,9,26,269,21,26,5,Thu,39
762,161,23/09/2019 21:12,284,49,176,US,2019,9,23,266,21,12,2,Mon,38
763,162,19/09/2019 21:28,4230,777,179,US,2019,9,19,262,21,28,5,Thu,38
764,163,13/09/2019 02:04,7974,1342,917,US,2019,9,13,256,2,4,6,Fri,37
765,164,12/09/2019 16:10,1855,225,222,US,2019,9,12,255,16,10,5,Thu,37
766,165,11/09/2019 20:21,532,66,33,US,2019,9,11,254,20,21,4,Wed,37
767,166,09/09/2019 02:00,1157,85,102,US,2019,9,9,252,2,0,2,Mon,36
768,167,05/09/2019 07:22,587816,191202,2178,US,2019,9,5,248,7,22,5,Thu,36
769,168,06/09/2019 01:36,134,27,56,US,2019,9,6,249,1,36,6,Fri,36
770,169,05/09/2019 21:29,17492,6066,324,US,2019,9,5,248,21,29,5,Thu,36
